{
  "n_boot_requested": 500,
  "n_boot_successful": 500,
  "n_failed": 0,
  "point_estimate": {
    "b_adirenia": 5.306366803971141,
    "b_calibration": 6.3185613062252814,
    "b_che_pact": 4.993584532026524,
    "b_clean_drinking_water": 6.131514660008069,
    "b_khantelan": 4.492160626583684,
    "b_putin": 2.6524836767748594,
    "b_standard_brick": 5.032547489305291,
    "b_tooth_decay": 2.330336359692741,
    "b_vellinkov": 5.353002938930433,
    "alpha_M1_pos": 0.3877116334764333,
    "alpha_M2_pos": 0.6177387390633584,
    "alpha_M3_pos": 0.17397832867861288,
    "alpha_M1_neg": 0.0,
    "alpha_M2_neg": 0.0,
    "alpha_M3_neg": 0.7664909476105156,
    "I_alt-control-objective": 0.5329067483144455,
    "I_alt-control-truthful": 0.06431193733927973,
    "I_anti-politeness-mild": 1.2089684369466076,
    "I_anti-politeness-no-neg-words": 1.100824834124926,
    "I_anti-politeness-strong": 1.8901518162813153,
    "I_control": 2.28906908826245,
    "I_control-completion": 0.0,
    "I_default-completion": 0.194411483143559,
    "I_forced": 1.4106482568531435,
    "I_forced-completion": 0.06558562180517188,
    "sigma": 0.5742141955535682
  },
  "param_ci": {
    "alpha_M1_pos": {
      "point": 0.3877116334764333,
      "mean": 0.4086758474899677,
      "sd": 0.10953976024590885,
      "ci_95_lo": 0.21049020503295868,
      "ci_95_hi": 0.7028268731074351,
      "n_boot": 500
    },
    "alpha_M1_neg": {
      "point": 0.0,
      "mean": 0.0,
      "sd": 0.0,
      "ci_95_lo": 0.0,
      "ci_95_hi": 0.0,
      "n_boot": 500
    },
    "alpha_M2_pos": {
      "point": 0.6177387390633584,
      "mean": 0.648389060672617,
      "sd": 0.14242481726863707,
      "ci_95_lo": 0.3562853509509485,
      "ci_95_hi": 0.9302165518268249,
      "n_boot": 500
    },
    "alpha_M2_neg": {
      "point": 0.0,
      "mean": 0.0,
      "sd": 0.0,
      "ci_95_lo": 0.0,
      "ci_95_hi": 0.0,
      "n_boot": 500
    },
    "alpha_M3_pos": {
      "point": 0.17397832867861288,
      "mean": 0.18980963942748894,
      "sd": 0.08425502245958917,
      "ci_95_lo": 0.0,
      "ci_95_hi": 0.34949879566647146,
      "n_boot": 500
    },
    "alpha_M3_neg": {
      "point": 0.7664909476105156,
      "mean": 0.7234722159747082,
      "sd": 0.08823808488872008,
      "ci_95_lo": 0.5107357651014427,
      "ci_95_hi": 0.8623058103326507,
      "n_boot": 500
    }
  },
  "diff_ci": {
    "alpha_M1_neg_minus_pos": {
      "point": -0.3877116334764333,
      "mean": -0.4086758474899677,
      "sd": 0.10953976024590885,
      "ci_95_lo": -0.7028268731074352,
      "ci_95_hi": -0.21049020503295887,
      "frac_above_zero": 0.0,
      "n_boot": 500
    },
    "alpha_M2_neg_minus_pos": {
      "point": -0.6177387390633584,
      "mean": -0.648389060672617,
      "sd": 0.14242481726863707,
      "ci_95_lo": -0.930216551826825,
      "ci_95_hi": -0.3562853509509486,
      "frac_above_zero": 0.0,
      "n_boot": 500
    },
    "alpha_M3_neg_minus_pos": {
      "point": 0.5925126189319028,
      "mean": 0.5336625765472193,
      "sd": 0.154456251912887,
      "ci_95_lo": 0.2351371335751215,
      "ci_95_hi": 0.8096177198920199,
      "frac_above_zero": 0.988,
      "n_boot": 500
    }
  }
}