{
  "model": "M3_asymmetric_belief",
  "n_trials": 710,
  "params": {
    "b_adirenia": 5.306379521675082,
    "b_calibration": 6.318582745916544,
    "b_che_pact": 4.993598809443487,
    "b_clean_drinking_water": 6.131524148564827,
    "b_khantelan": 4.492173899293632,
    "b_putin": 2.6524951136290693,
    "b_standard_brick": 5.032561121920521,
    "b_tooth_decay": 2.3303317871756994,
    "b_vellinkov": 5.353008862135947,
    "alpha_M1_pos": 0.38767400044972833,
    "alpha_M2_pos": 0.6177208203976124,
    "alpha_M3_pos": 0.17393259485224186,
    "alpha_M1_neg": 0.0,
    "alpha_M2_neg": 0.0,
    "alpha_M3_neg": 0.7664753699538975,
    "I_alt-control-objective": 0.5329181176657383,
    "I_alt-control-truthful": 0.06433503556556934,
    "I_anti-politeness-mild": 1.2089859549020783,
    "I_anti-politeness-no-neg-words": 1.1008178595802527,
    "I_anti-politeness-strong": 1.8901943063386841,
    "I_control": 2.289114228513613,
    "I_control-completion": 0.0,
    "I_default-completion": 0.1944300845585105,
    "I_forced": 1.4105623040705193,
    "I_forced-completion": 0.0656030153083354,
    "sigma": 0.574213835223009
  },
  "converged": true,
  "neg_log_lik": 613.5722435036141,
  "n_params": 26,
  "aic": 1279.1444870072282,
  "bic": 1397.8413762281475
}