{
  "model": "M5_rsa_license_conditional",
  "n_trials": 710,
  "params": {
    "b_adirenia": 5.227364045495379,
    "b_calibration": 6.6315274407041365,
    "b_che_pact": 4.873918517684707,
    "b_clean_drinking_water": 6.349134333635756,
    "b_khantelan": 4.217548522630589,
    "b_putin": 2.501041155616309,
    "b_standard_brick": 4.8409929577402915,
    "b_tooth_decay": 1.091902294921728,
    "b_vellinkov": 5.2964274833406835,
    "l_pos_M0_control": -1.4878414080579323,
    "l_pos_M0_forced": -0.9618363196072718,
    "l_pos_M1_control": -0.30298399170975127,
    "l_pos_M1_default": -1.5625003169085119,
    "l_pos_M1_forced": -0.026761287212700338,
    "l_pos_M2_control": 0.025978247482130457,
    "l_pos_M2_default": -1.6600618302702428,
    "l_pos_M2_forced": -0.016516465584261775,
    "l_pos_M3_alt-control-objective": -8.0,
    "l_pos_M3_alt-control-truthful": -3.069169401426292,
    "l_pos_M3_anti-politeness-mild": -2.6722886312018974,
    "l_pos_M3_anti-politeness-no-neg-words": -2.2575113418744404,
    "l_pos_M3_anti-politeness-strong": -8.0,
    "l_pos_M3_control": -1.7380456017345638,
    "l_pos_M3_control-completion": -1.8769752457815403,
    "l_pos_M3_default": -5.766100953236896,
    "l_pos_M3_default-completion": -8.0,
    "l_pos_M3_forced": -3.8752980175317098,
    "l_pos_M3_forced-completion": -0.7429296646531199,
    "beta_chat": 0.0,
    "beta_license": 6.662495619520576,
    "gamma_k_M1": 0.0,
    "gamma_k_M2": 0.0,
    "gamma_k_M3": 0.0,
    "sigma": 0.5166970068209742
  },
  "converged": false,
  "neg_log_lik": 538.6305218052933,
  "n_params": 34,
  "aic": 1145.2610436105865,
  "bic": 1300.4800525917888
}