{
  "model": "M0_linear_additive",
  "n_trials": 710,
  "params": {
    "b_adirenia": 4.889489897210747,
    "b_calibration": 6.070014216335986,
    "b_che_pact": 4.592780967061981,
    "b_clean_drinking_water": 5.794274941685135,
    "b_khantelan": 4.0788407916240255,
    "b_putin": 2.328736895178538,
    "b_standard_brick": 4.649175334636254,
    "b_tooth_decay": 1.8868737970793295,
    "b_vellinkov": 4.965390421944782,
    "beta_M1": 0.9086277427441226,
    "beta_M2": 1.1307417719010227,
    "beta_M3": 0.15514346123276607,
    "gamma_alt-control-objective": -0.13617482732536013,
    "gamma_alt-control-truthful": 0.20774866727838487,
    "gamma_anti-politeness-mild": -0.5695158083889824,
    "gamma_anti-politeness-no-neg-words": -0.4111736623605962,
    "gamma_anti-politeness-strong": -0.9054120670480852,
    "gamma_control": 0.3374695868648136,
    "gamma_control-completion": 0.38613126883631227,
    "gamma_default-completion": 0.1499969369780633,
    "gamma_forced": -0.2691289537960957,
    "gamma_forced-completion": 0.18633629413650496,
    "sigma": 0.5374579139883612
  },
  "converged": true,
  "neg_log_lik": 566.6038616474023,
  "n_params": 23,
  "aic": 1179.2077232948045,
  "bic": 1284.2088176056177
}