{
  "model": "M2_kunda_gated",
  "n_trials": 710,
  "params": {
    "b_adirenia": 4.889801313541811,
    "b_calibration": 6.118477194491116,
    "b_che_pact": 4.555980241004229,
    "b_clean_drinking_water": 5.813659428413634,
    "b_khantelan": 4.024173275647882,
    "b_putin": 2.3403089435065385,
    "b_standard_brick": 4.58289676374278,
    "b_tooth_decay": 2.0147166722457492,
    "b_vellinkov": 4.941556211556013,
    "delta_M0_control": -0.10686349124839152,
    "delta_M0_forced": -0.22914904700657324,
    "delta_M1_control": 1.217085917353087,
    "delta_M1_default": 0.9571999654843311,
    "delta_M1_forced": 0.9294900538586275,
    "delta_M2_control": 1.748847858499683,
    "delta_M2_default": 1.1539211526017323,
    "delta_M2_forced": 1.117497095016453,
    "delta_M3_alt-control-objective": 0.11922454955298725,
    "delta_M3_alt-control-truthful": 0.4821957150636214,
    "delta_M3_anti-politeness-mild": -0.38616685348184043,
    "delta_M3_anti-politeness-no-neg-words": -0.2863764084626025,
    "delta_M3_anti-politeness-strong": -0.8617960704167892,
    "delta_M3_control": 1.0663825637491566,
    "delta_M3_control-completion": 0.6946193500096945,
    "delta_M3_default": 0.3109475939976761,
    "delta_M3_default-completion": 0.3208140340627752,
    "delta_M3_forced": -0.551557848638269,
    "delta_M3_forced-completion": 0.4142710081157054,
    "sigma": 0.5190300124339652
  },
  "converged": true,
  "neg_log_lik": 541.8322848237779,
  "n_params": 29,
  "aic": 1141.6645696475557,
  "bic": 1274.057253778581
}