{
  "model": "M4_rsa_polite_speaker",
  "n_trials": 710,
  "params": {
    "b_adirenia": 5.623760973066379,
    "b_calibration": 6.853152184862402,
    "b_che_pact": 5.261844478713526,
    "b_clean_drinking_water": 7.0,
    "b_khantelan": 4.577390565341837,
    "b_putin": 2.7579530104296,
    "b_standard_brick": 5.378012746119594,
    "b_tooth_decay": 1.0,
    "b_vellinkov": 5.7193113113170115,
    "l_pos_M0_control": 1.0653655059148839,
    "l_pos_M0_forced": 1.43702545518912,
    "l_pos_M1_control": 0.030727311251668082,
    "l_pos_M1_default": -2.7551087952233577,
    "l_pos_M1_forced": -0.2275564497792078,
    "l_pos_M2_control": -0.1425630096827893,
    "l_pos_M2_default": -3.44422004226243,
    "l_pos_M2_forced": -0.8125536734579694,
    "l_pos_M3_alt-control-objective": -2.8333065775748425,
    "l_pos_M3_alt-control-truthful": -4.157888123222776,
    "l_pos_M3_anti-politeness-mild": -2.447606326743342,
    "l_pos_M3_anti-politeness-no-neg-words": -4.172542925144192,
    "l_pos_M3_anti-politeness-strong": -8.0,
    "l_pos_M3_control": -2.5091602582105206,
    "l_pos_M3_control-completion": -1.9936295780468203,
    "l_pos_M3_default": -6.536994907994117,
    "l_pos_M3_default-completion": -8.0,
    "l_pos_M3_forced": -7.142635959723896,
    "l_pos_M3_forced-completion": -0.9595793930412876,
    "l_neg_M0_control": 0.8701132315500537,
    "l_neg_M0_forced": 1.3078223212738898,
    "l_neg_M1_control": -1.586651999893031,
    "l_neg_M1_default": -8.0,
    "l_neg_M1_forced": -1.3979681342799712,
    "l_neg_M2_control": -8.0,
    "l_neg_M2_default": -8.0,
    "l_neg_M2_forced": -2.822626658827125,
    "l_neg_M3_alt-control-objective": -1.6459943111166806,
    "l_neg_M3_alt-control-truthful": -2.921160662661165,
    "l_neg_M3_anti-politeness-mild": -0.9106067237145334,
    "l_neg_M3_anti-politeness-no-neg-words": -1.332974360973462,
    "l_neg_M3_anti-politeness-strong": -0.7561867785017417,
    "l_neg_M3_control": -8.0,
    "l_neg_M3_control-completion": -2.692961011818236,
    "l_neg_M3_default": -2.325846154641919,
    "l_neg_M3_default-completion": -2.515130980951042,
    "l_neg_M3_forced": -1.0264231391697245,
    "l_neg_M3_forced-completion": -1.2747086589514305,
    "sigma": 0.35772155038919395
  },
  "converged": false,
  "neg_log_lik": 277.72991201128644,
  "n_params": 48,
  "aic": 651.4598240225729,
  "bic": 870.5925425842702
}