{
  "model": "M3_symmetric_belief",
  "n_trials": 710,
  "params": {
    "b_adirenia": 5.180501370154405,
    "b_calibration": 6.297317560553988,
    "b_che_pact": 4.860219187601315,
    "b_clean_drinking_water": 6.038411542434094,
    "b_khantelan": 4.346965116616542,
    "b_putin": 2.4745943823647027,
    "b_standard_brick": 4.89934432974744,
    "b_tooth_decay": 2.2134779416058175,
    "b_vellinkov": 5.235359816170145,
    "alpha_M1": 0.5227415691765328,
    "alpha_M2": 0.7852845150043529,
    "alpha_M3": 0.2921018068208451,
    "I_alt-control-objective": 0.8088858048380019,
    "I_alt-control-truthful": 0.0,
    "I_anti-politeness-mild": 2.570220802775235,
    "I_anti-politeness-no-neg-words": 2.2691266701781743,
    "I_anti-politeness-strong": 4.307557990813644,
    "I_control": 1.9504375089381236,
    "I_control-completion": 0.0,
    "I_default-completion": 0.0,
    "I_forced": 0.0,
    "I_forced-completion": 0.0,
    "sigma": 0.6054503647487655
  },
  "converged": true,
  "neg_log_lik": 651.1811044967961,
  "n_params": 23,
  "aic": 1348.3622089935923,
  "bic": 1453.3633033044057
}