{
  "M2_kunda_gated": {
    "model": "M2_kunda_gated",
    "n_sims_requested": 100,
    "n_sims_successful": 100,
    "n_failed": 0,
    "true_params": {
      "b_adirenia": 4.889801229781109,
      "b_calibration": 6.118468779500606,
      "b_che_pact": 4.555979827562774,
      "b_clean_drinking_water": 5.8136618719885185,
      "b_khantelan": 4.024170733300594,
      "b_putin": 2.3403101479800337,
      "b_standard_brick": 4.582899239519462,
      "b_tooth_decay": 2.0147192033739816,
      "b_vellinkov": 4.941554979714306,
      "delta_M0_control": -0.10686063570947955,
      "delta_M0_forced": -0.22914602119173783,
      "delta_M1_control": 1.2170896327577485,
      "delta_M1_default": 0.9572008947794047,
      "delta_M1_forced": 0.9294930666282588,
      "delta_M2_control": 1.7488505691076397,
      "delta_M2_default": 1.1539204564212593,
      "delta_M2_forced": 1.1175001840794927,
      "delta_M3_alt-control-objective": 0.11922653724303237,
      "delta_M3_alt-control-truthful": 0.4821973201478515,
      "delta_M3_anti-politeness-mild": -0.38616371528519877,
      "delta_M3_anti-politeness-no-neg-words": -0.2863730392636492,
      "delta_M3_anti-politeness-strong": -0.8617913798841268,
      "delta_M3_control": 1.066386979913271,
      "delta_M3_control-completion": 0.6946209762747302,
      "delta_M3_default": 0.31094554800901986,
      "delta_M3_default-completion": 0.32081929256896446,
      "delta_M3_forced": -0.5515557001665983,
      "delta_M3_forced-completion": 0.4142724463686233,
      "sigma": 0.5190287788727544
    },
    "per_param": {
      "b_adirenia": {
        "true": 4.889801229781109,
        "mean": 4.900576877585298,
        "sd": 0.09584966550227843,
        "bias": 0.010775647804188715,
        "ci_95_lo": 4.708546485854944,
        "ci_95_hi": 5.056963031843862,
        "true_in_ci": true
      },
      "b_calibration": {
        "true": 6.118468779500606,
        "mean": 6.080806156232724,
        "sd": 0.10933436068912444,
        "bias": -0.03766262326788272,
        "ci_95_lo": 5.855696145068108,
        "ci_95_hi": 6.288710673458028,
        "true_in_ci": true
      },
      "b_che_pact": {
        "true": 4.555979827562774,
        "mean": 4.572071231642436,
        "sd": 0.09880253859790243,
        "bias": 0.016091404079662475,
        "ci_95_lo": 4.39493094423441,
        "ci_95_hi": 4.764254800394421,
        "true_in_ci": true
      },
      "b_clean_drinking_water": {
        "true": 5.8136618719885185,
        "mean": 5.818512677360686,
        "sd": 0.08977414446968512,
        "bias": 0.004850805372167422,
        "ci_95_lo": 5.6406735129343915,
        "ci_95_hi": 5.991169316057478,
        "true_in_ci": true
      },
      "b_khantelan": {
        "true": 4.024170733300594,
        "mean": 4.044201756833747,
        "sd": 0.09606435712889189,
        "bias": 0.02003102353315267,
        "ci_95_lo": 3.854524141170134,
        "ci_95_hi": 4.2319520316023045,
        "true_in_ci": true
      },
      "b_putin": {
        "true": 2.3403101479800337,
        "mean": 2.35135605406913,
        "sd": 0.08275713069568066,
        "bias": 0.011045906089096391,
        "ci_95_lo": 2.2338100083201398,
        "ci_95_hi": 2.5325956162757377,
        "true_in_ci": true
      },
      "b_standard_brick": {
        "true": 4.582899239519462,
        "mean": 4.607090964091208,
        "sd": 0.10406714603684451,
        "bias": 0.024191724571745787,
        "ci_95_lo": 4.429007201039819,
        "ci_95_hi": 4.809941034297555,
        "true_in_ci": true
      },
      "b_tooth_decay": {
        "true": 2.0147192033739816,
        "mean": 2.0277103194164616,
        "sd": 0.06543819182551049,
        "bias": 0.012991116042480044,
        "ci_95_lo": 1.92386584478446,
        "ci_95_hi": 2.152219925207103,
        "true_in_ci": true
      },
      "b_vellinkov": {
        "true": 4.941554979714306,
        "mean": 4.964295973587401,
        "sd": 0.10908113902120856,
        "bias": 0.022740993873094695,
        "ci_95_lo": 4.764083854776442,
        "ci_95_hi": 5.1533010005117825,
        "true_in_ci": true
      },
      "delta_M0_control": {
        "true": -0.10686063570947955,
        "mean": -0.12412127068057156,
        "sd": 0.13252692019669685,
        "bias": -0.01726063497109201,
        "ci_95_lo": -0.3658563010065751,
        "ci_95_hi": 0.11058409060032179,
        "true_in_ci": true
      },
      "delta_M0_forced": {
        "true": -0.22914602119173783,
        "mean": -0.26788032734672806,
        "sd": 0.1466045202058352,
        "bias": -0.03873430615499024,
        "ci_95_lo": -0.5292856320094114,
        "ci_95_hi": -0.013794651355108658,
        "true_in_ci": true
      },
      "delta_M1_control": {
        "true": 1.2170896327577485,
        "mean": 1.176262860067839,
        "sd": 0.1253395672599453,
        "bias": -0.04082677268990942,
        "ci_95_lo": 0.9666901878762156,
        "ci_95_hi": 1.3967018784188254,
        "true_in_ci": true
      },
      "delta_M1_default": {
        "true": 0.9572008947794047,
        "mean": 0.9338988689118699,
        "sd": 0.12344572477510694,
        "bias": -0.023302025867534826,
        "ci_95_lo": 0.6893272254741146,
        "ci_95_hi": 1.1247791968742191,
        "true_in_ci": true
      },
      "delta_M1_forced": {
        "true": 0.9294930666282588,
        "mean": 0.910844639229545,
        "sd": 0.14332579906821377,
        "bias": -0.018648427398713863,
        "ci_95_lo": 0.6461111303979726,
        "ci_95_hi": 1.2008977900339777,
        "true_in_ci": true
      },
      "delta_M2_control": {
        "true": 1.7488505691076397,
        "mean": 1.6966313363774592,
        "sd": 0.11075330030396487,
        "bias": -0.052219232730180476,
        "ci_95_lo": 1.4718676065388479,
        "ci_95_hi": 1.8815593374733022,
        "true_in_ci": true
      },
      "delta_M2_default": {
        "true": 1.1539204564212593,
        "mean": 1.1426163938922793,
        "sd": 0.12243706515374174,
        "bias": -0.011304062528979975,
        "ci_95_lo": 0.9457448160453747,
        "ci_95_hi": 1.3732575311619715,
        "true_in_ci": true
      },
      "delta_M2_forced": {
        "true": 1.1175001840794927,
        "mean": 1.090886742724834,
        "sd": 0.1329348486419233,
        "bias": -0.026613441354658596,
        "ci_95_lo": 0.846948302397691,
        "ci_95_hi": 1.3415231377107466,
        "true_in_ci": true
      },
      "delta_M3_alt-control-objective": {
        "true": 0.11922653724303237,
        "mean": 0.11120777943583833,
        "sd": 0.12526467705299552,
        "bias": -0.008018757807194035,
        "ci_95_lo": -0.13976509684703498,
        "ci_95_hi": 0.34680264496431307,
        "true_in_ci": true
      },
      "delta_M3_alt-control-truthful": {
        "true": 0.4821973201478515,
        "mean": 0.4566388036708907,
        "sd": 0.12780024423001654,
        "bias": -0.02555851647696078,
        "ci_95_lo": 0.19520855883734725,
        "ci_95_hi": 0.7272036272340763,
        "true_in_ci": true
      },
      "delta_M3_anti-politeness-mild": {
        "true": -0.38616371528519877,
        "mean": -0.3912437015854648,
        "sd": 0.15091278328881233,
        "bias": -0.005079986300266015,
        "ci_95_lo": -0.7076590912759909,
        "ci_95_hi": -0.1103358064189065,
        "true_in_ci": true
      },
      "delta_M3_anti-politeness-no-neg-words": {
        "true": -0.2863730392636492,
        "mean": -0.31578049587564605,
        "sd": 0.1358538440775983,
        "bias": -0.02940745661199684,
        "ci_95_lo": -0.5767287146018891,
        "ci_95_hi": -0.09952901789833983,
        "true_in_ci": true
      },
      "delta_M3_anti-politeness-strong": {
        "true": -0.8617913798841268,
        "mean": -0.8896226001665843,
        "sd": 0.1368923238971477,
        "bias": -0.027831220282457547,
        "ci_95_lo": -1.1312022261557322,
        "ci_95_hi": -0.6578833862398116,
        "true_in_ci": true
      },