{
  "model": "M4_rsa_polite_speaker",
  "n_trials": 710,
  "params": {
    "b_adirenia": 5.622381145506322,
    "b_calibration": 6.852538669989567,
    "b_che_pact": 5.260305399245525,
    "b_clean_drinking_water": 7.0,
    "b_khantelan": 4.575588985401064,
    "b_putin": 2.755601206231299,
    "b_standard_brick": 5.376313620461273,
    "b_tooth_decay": 1.0,
    "b_vellinkov": 5.7178483029219604,
    "l_pos_M0_control": 1.0690972227235929,
    "l_pos_M0_forced": 1.4194790633513439,
    "l_pos_M1_control": 0.034552496529899585,
    "l_pos_M1_default": -2.717331023969746,
    "l_pos_M1_forced": -0.22783529859411855,
    "l_pos_M2_control": -0.14226880010373183,
    "l_pos_M2_default": -3.378191608562696,
    "l_pos_M2_forced": -0.8077654465933622,
    "l_pos_M3_alt-control-objective": -2.8401721943629936,
    "l_pos_M3_alt-control-truthful": -4.207504167741543,
    "l_pos_M3_anti-politeness-mild": -2.4519512373850927,
    "l_pos_M3_anti-politeness-no-neg-words": -4.06195377013189,
    "l_pos_M3_anti-politeness-strong": -8.0,
    "l_pos_M3_control": -2.501305166896821,
    "l_pos_M3_control-completion": -1.9934759707447947,
    "l_pos_M3_default": -6.1450756912715,
    "l_pos_M3_default-completion": -8.0,
    "l_pos_M3_forced": -8.0,
    "l_pos_M3_forced-completion": -0.963808228454078,
    "l_neg_M0_control": 0.8731593266661535,
    "l_neg_M0_forced": 1.291064326765782,
    "l_neg_M1_control": -1.5815790646850225,
    "l_neg_M1_default": -8.0,
    "l_neg_M1_forced": -1.3979400387042047,
    "l_neg_M2_control": -8.0,
    "l_neg_M2_default": -8.0,
    "l_neg_M2_forced": -2.815091768146892,
    "l_neg_M3_alt-control-objective": -1.6483267468105316,
    "l_neg_M3_alt-control-truthful": -2.9456702700259556,
    "l_neg_M3_anti-politeness-mild": -0.9131761764307542,
    "l_neg_M3_anti-politeness-no-neg-words": -1.3307852645946208,
    "l_neg_M3_anti-politeness-strong": -0.7575850378164162,
    "l_neg_M3_control": -8.0,
    "l_neg_M3_control-completion": -2.69780089855381,
    "l_neg_M3_default": -2.323486724653378,
    "l_neg_M3_default-completion": -2.514356442439785,
    "l_neg_M3_forced": -1.028418669061245,
    "l_neg_M3_forced-completion": -1.2777737648439298,
    "sigma": 0.3577983294282137
  },
  "converged": true,
  "neg_log_lik": 277.718468506403,
  "n_params": 48,
  "aic": 651.436937012806,
  "bic": 870.5696555745033
}