{
  "model": "M2_nogate",
  "n_trials": 710,
  "params": {
    "b_adirenia": 5.133156328881551,
    "b_calibration": 6.326439585258047,
    "b_che_pact": 4.836447808203654,
    "b_clean_drinking_water": 6.032554618256966,
    "b_khantelan": 4.3225095465556045,
    "b_putin": 2.5851639914198836,
    "b_standard_brick": 4.887451741373342,
    "b_tooth_decay": 2.125150585853139,
    "b_vellinkov": 5.209057517701981,
    "delta_M0_control": -0.25454315721916765,
    "delta_M0_forced": -0.37233232660936333,
    "delta_M1_control": 0.8788054010282036,
    "delta_M1_default": 0.5547817803462369,
    "delta_M1_forced": 0.6148693041499333,
    "delta_M2_control": 1.2870143478024374,
    "delta_M2_default": 0.6716024735232613,
    "delta_M2_forced": 0.7411395895318416,
    "delta_M3_alt-control-objective": -0.2223887017856068,
    "delta_M3_alt-control-truthful": 0.12153585501815013,
    "delta_M3_anti-politeness-mild": -0.6557310755646227,
    "delta_M3_anti-politeness-no-neg-words": -0.4973884298356945,
    "delta_M3_anti-politeness-strong": -0.9916284162832532,
    "delta_M3_control": 0.5717970940224976,
    "delta_M3_control-completion": 0.29991910336817046,
    "delta_M3_default": -0.043415008145365315,
    "delta_M3_default-completion": 0.05721970352792847,
    "delta_M3_forced": -0.7287310494440903,
    "delta_M3_forced-completion": 0.1001234010802422,
    "sigma": 0.5073703336130035
  },
  "converged": true,
  "neg_log_lik": 525.7013520858388,
  "n_params": 29,
  "aic": 1109.4027041716777,
  "bic": 1241.795388302703
}