{
  "model": "M5_rsa_license_conditional",
  "n_trials": 710,
  "params": {
    "b_adirenia": 5.227209946566395,
    "b_calibration": 6.6314743853937905,
    "b_che_pact": 4.873744956072821,
    "b_clean_drinking_water": 6.349091946188764,
    "b_khantelan": 4.217329512765337,
    "b_putin": 2.500659769512631,
    "b_standard_brick": 4.840783424814284,
    "b_tooth_decay": 1.091337393781194,
    "b_vellinkov": 5.2962892700730455,
    "l_pos_M0_control": -1.487275079186577,
    "l_pos_M0_forced": -0.961599824010588,
    "l_pos_M1_control": -0.3028174249713169,
    "l_pos_M1_default": -1.562133074060657,
    "l_pos_M1_forced": -0.026595095978593053,
    "l_pos_M2_control": 0.026181555324891616,
    "l_pos_M2_default": -1.6593652797450646,
    "l_pos_M2_forced": -0.0163239118727872,
    "l_pos_M3_alt-control-objective": -8.0,
    "l_pos_M3_alt-control-truthful": -3.068078861841545,
    "l_pos_M3_anti-politeness-mild": -2.669826106081144,
    "l_pos_M3_anti-politeness-no-neg-words": -2.256541064903222,
    "l_pos_M3_anti-politeness-strong": -8.0,
    "l_pos_M3_control": -1.7374981357751003,
    "l_pos_M3_control-completion": -1.8763103082045738,
    "l_pos_M3_default": -5.673814897272269,
    "l_pos_M3_default-completion": -8.0,
    "l_pos_M3_forced": -3.871009711352285,
    "l_pos_M3_forced-completion": -0.7427624315529173,
    "beta_chat": 0.0,
    "beta_license": 6.662555097944123,
    "gamma_k_M1": 0.0,
    "gamma_k_M2": 0.0,
    "gamma_k_M3": 0.0,
    "sigma": 0.5166939915987164
  },
  "converged": true,
  "neg_log_lik": 538.6304712430529,
  "n_params": 34,
  "aic": 1145.2609424861057,
  "bic": 1300.479951467308
}