{
  "model": "M2_freegate",
  "n_trials": 710,
  "params": {
    "b_adirenia": 5.070515173346754,
    "b_calibration": 6.234504354498223,
    "b_che_pact": 4.782446300925346,
    "b_clean_drinking_water": 5.973634907043373,
    "b_khantelan": 4.273393715612236,
    "b_putin": 2.5435209684771025,
    "b_standard_brick": 4.8467173345411725,
    "b_tooth_decay": 2.1104863905167828,
    "b_vellinkov": 5.152718540846983,
    "delta_M0_control": -0.332392252682243,
    "delta_M0_forced": -0.47082072235567457,
    "delta_M1_control": 0.9817285837804007,
    "delta_M1_default": 0.6933825915857715,
    "delta_M1_forced": 0.6986385231489395,
    "delta_M2_control": 1.4622569966821504,
    "delta_M2_default": 0.8607275032204611,
    "delta_M2_forced": 0.8767075995060355,
    "delta_M3_alt-control-objective": -0.15578092338048505,
    "delta_M3_alt-control-truthful": 0.2502231895687124,
    "delta_M3_anti-politeness-mild": -0.6609973014892324,
    "delta_M3_anti-politeness-no-neg-words": -0.47110586577540214,
    "delta_M3_anti-politeness-strong": -1.0327225006941823,
    "delta_M3_control": 0.7615986541592287,
    "delta_M3_control-completion": 0.4264201497126158,
    "delta_M3_default": 0.05909193259051178,
    "delta_M3_default-completion": 0.14049663696766032,
    "delta_M3_forced": -0.7541393130889907,
    "delta_M3_forced-completion": 0.15604295802362234,
    "gate_peak": 7.0,
    "gate_width": 5.39413397966386,
    "sigma": 0.5052684695403717
  },
  "converged": true,
  "neg_log_lik": 522.7539625998003,
  "n_params": 31,
  "aic": 1107.5079251996005,
  "bic": 1249.0311392706967
}