{
  "model": "M2_kunda_gated",
  "n_trials": 710,
  "params": {
    "b_adirenia": 4.889798995177783,
    "b_calibration": 6.118476512484473,
    "b_che_pact": 4.555977735206804,
    "b_clean_drinking_water": 5.813659064376002,
    "b_khantelan": 4.024168131293759,
    "b_putin": 2.3403050746752245,
    "b_standard_brick": 4.58289722134217,
    "b_tooth_decay": 2.0147144654253597,
    "b_vellinkov": 4.941554505502902,
    "delta_M0_control": -0.1068562277209188,
    "delta_M0_forced": -0.22914157786110084,
    "delta_M1_control": 1.2170844273825916,
    "delta_M1_default": 0.9572056862890929,
    "delta_M1_forced": 0.9294890615303348,
    "delta_M2_control": 1.7488403526253282,
    "delta_M2_default": 1.1539386979870951,
    "delta_M2_forced": 1.117494582641598,
    "delta_M3_alt-control-objective": 0.11922662652960944,
    "delta_M3_alt-control-truthful": 0.4821965226025182,
    "delta_M3_anti-politeness-mild": -0.3861604380425256,
    "delta_M3_anti-politeness-no-neg-words": -0.2863684230547163,
    "delta_M3_anti-politeness-strong": -0.8617830809771079,
    "delta_M3_control": 1.0663755853296724,
    "delta_M3_control-completion": 0.6946177343617792,
    "delta_M3_default": 0.3109515355049684,
    "delta_M3_default-completion": 0.32081565093818043,
    "delta_M3_forced": -0.5515576506198365,
    "delta_M3_forced-completion": 0.4142718867184151,
    "sigma": 0.5190296211199622
  },
  "converged": true,
  "neg_log_lik": 541.832284790748,
  "n_params": 29,
  "aic": 1141.664569581496,
  "bic": 1274.0572537125213
}