{
  "model": "M0_linear_additive",
  "n_trials": 710,
  "params": {
    "b_adirenia": 4.88949098529321,
    "b_calibration": 6.0700092322401416,
    "b_che_pact": 4.592782522629062,
    "b_clean_drinking_water": 5.794279910433002,
    "b_khantelan": 4.0788446533366365,
    "b_putin": 2.3287330222431337,
    "b_standard_brick": 4.649177142497358,
    "b_tooth_decay": 1.8868752973946457,
    "b_vellinkov": 4.9653923220293885,
    "beta_M1": 0.9086259947612434,
    "beta_M2": 1.1307400270146926,
    "beta_M3": 0.15514246283583868,
    "gamma_alt-control-objective": -0.13617619330672157,
    "gamma_alt-control-truthful": 0.20774819336298608,
    "gamma_anti-politeness-mild": -0.5695183580008155,
    "gamma_anti-politeness-no-neg-words": -0.41117574562527853,
    "gamma_anti-politeness-strong": -0.9054154412208781,
    "gamma_control": 0.33746916564391943,
    "gamma_control-completion": 0.38613126360855987,
    "gamma_default-completion": 0.14999819307205106,
    "gamma_forced": -0.26912938530235736,
    "gamma_forced-completion": 0.18633579648579165,
    "sigma": 0.5374578523581179
  },
  "converged": true,
  "neg_log_lik": 566.6038616401256,
  "n_params": 23,
  "aic": 1179.2077232802512,
  "bic": 1284.2088175910644
}