{
  "model": "M3_symmetric_belief",
  "n_trials": 710,
  "params": {
    "b_adirenia": 5.089530895068915,
    "b_calibration": 6.246483851755205,
    "b_che_pact": 4.761761867477552,
    "b_clean_drinking_water": 5.975510388707918,
    "b_khantelan": 4.244212918628436,
    "b_putin": 2.4217281049043007,
    "b_standard_brick": 4.799888511170411,
    "b_tooth_decay": 2.1269745472194597,
    "b_vellinkov": 5.14698438357321,
    "alpha_M1": 0.6098218431321218,
    "alpha_M2": 0.8861542346650128,
    "alpha_M3": 0.3775268565931373,
    "I_alt-control-objective": 0.0,
    "I_alt-control-truthful": 0.6487971496139748,
    "I_anti-politeness-mild": 1.6647041506073739,
    "I_anti-politeness-no-neg-words": 1.4243000702522925,
    "I_anti-politeness-strong": 2.9852704284894154,
    "I_control": 1.8210639703024711,
    "I_control-completion": 1.2590774011725312,
    "I_default-completion": 0.28786084548348884,
    "I_forced": 0.0,
    "I_forced-completion": 0.0,
    "sigma": 0.6004657565946544
  },
  "converged": true,
  "neg_log_lik": 645.311055999525,
  "n_params": 23,
  "aic": 1336.62211199905,
  "bic": 1441.6232063098632
}