{
  "model": "M3_asymmetric_belief",
  "n_trials": 710,
  "params": {
    "b_adirenia": 5.210889995657058,
    "b_calibration": 6.273182369617437,
    "b_che_pact": 4.888283252504322,
    "b_clean_drinking_water": 6.073848426183027,
    "b_khantelan": 4.379112641353389,
    "b_putin": 2.5713390171937722,
    "b_standard_brick": 4.929212748036267,
    "b_tooth_decay": 2.230383022399659,
    "b_vellinkov": 5.261513303360591,
    "alpha_M1_pos": 0.481911067524276,
    "alpha_M2_pos": 0.7333722045697644,
    "alpha_M3_pos": 0.2581320623042425,
    "alpha_M1_neg": 0.0,
    "alpha_M2_neg": 0.0,
    "alpha_M3_neg": 1.364338299176135,
    "I_alt-control-objective": 0.0,
    "I_alt-control-truthful": 0.333350126091277,
    "I_anti-politeness-mild": 0.5780431516434039,
    "I_anti-politeness-no-neg-words": 0.5159193903818455,
    "I_anti-politeness-strong": 0.9541205901493706,
    "I_control": 2.0533291171350414,
    "I_control-completion": 1.276492992501729,
    "I_default-completion": 0.0,
    "I_forced": 0.696974876247498,
    "I_forced-completion": 0.0,
    "sigma": 0.5754821648920706
  },
  "converged": true,
  "neg_log_lik": 615.1380199472862,
  "n_params": 26,
  "aic": 1282.2760398945725,
  "bic": 1400.9729291154918
}