{
  "E5b_factorial_pseudowords": {
    "n_pseudoword_targets": 15,
    "cell_means_pseudowords": {
      "E5b_000": {
        "H": 0,
        "A": 0,
        "L": 0,
        "mean_pseudowords": 4.426328735351563
      },
      "E5b_001": {
        "H": 0,
        "A": 0,
        "L": 1,
        "mean_pseudowords": 3.5026381301879885
      },
      "E5b_010": {
        "H": 0,
        "A": 1,
        "L": 0,
        "mean_pseudowords": 3.9705060831705725
      },
      "E5b_011": {
        "H": 0,
        "A": 1,
        "L": 1,
        "mean_pseudowords": 3.451472250620525
      },
      "E5b_100": {
        "H": 1,
        "A": 0,
        "L": 0,
        "mean_pseudowords": 4.408487701416016
      },
      "E5b_101": {
        "H": 1,
        "A": 0,
        "L": 1,
        "mean_pseudowords": 3.7551403808593746
      },
      "E5b_110": {
        "H": 1,
        "A": 1,
        "L": 0,
        "mean_pseudowords": 4.0915838114420575
      },
      "E5b_111": {
        "H": 1,
        "A": 1,
        "L": 1,
        "mean_pseudowords": 3.707963116963705
      }
    },
    "factorial_coefficients_psw15": {
      "H": {
        "coef": -0.01784103393554909,
        "se": 0.054245792686940277,
        "ci": [
          -0.12549004406679626,
          0.08980797619569808
        ],
        "p": 0.742938753195799
      },
      "A": {
        "coef": -0.4558226521809924,
        "se": 0.054245792686940277,
        "ci": [
          -0.5634716623122396,
          -0.3481736420497452
        ],
        "p": 3.477942201935893e-13
      },
      "L": {
        "coef": -0.9236906051635752,
        "se": 0.054245792686940256,
        "ci": [
          -1.0313396152948222,
          -0.816041595032328
        ],
        "p": 4.8655874253259454e-31
      },
      "H:A": {
        "coef": 0.13891876220703575,
        "se": 0.07671513571955023,
        "ci": [
          -0.013319927896612765,
          0.29115745231068424
        ],
        "p": 0.07322967443877612
      },
      "H:L": {
        "coef": 0.27034328460693724,
        "se": 0.07671513571955021,
        "ci": [
          0.11810459450328875,
          0.42258197471058573
        ],
        "p": 0.0006477491822451339
      },
      "A:L": {
        "coef": 0.4046567726135292,
        "se": 0.07671513571955017,
        "ci": [
          0.25241808250988085,
          0.5568954627171776
        ],
        "p": 7.95221796327644e-07
      },
      "H:A:L": {
        "coef": -0.13493014653524035,
        "se": 0.10849158537388055,
        "ci": [
          -0.3502281667977347,
          0.08036787372725399
        ],
        "p": 0.21657964696349605
      }
    },
    "factorial_coefficients_e5_fic4_reference": {
      "H": -0.17,
      "A": -0.68,
      "L": -1.23,
      "H:A": 0.35,
      "H:L": 0.52,
      "A:L": 0.55,
      "H:A:L": -0.32
    },
    "L_dominant_in_psw15": true
  },
  "E7_asymmetry_test": {
    "contrasts": {
      "orig_license_only_simple_pos": {
        "n_shared": 7,
        "delta_neg_mean": -0.9994311366762433,
        "delta_pos_mean": 0.13249081373214722,
        "diff_mean": -1.1319219504083906,
        "diff_ci": [
          -1.3976238250732425,
          -0.845804884561472
        ],
        "t_stat": -7.2306523043853765,
        "p_two": 0.00035499034626363714,
        "effect_ratio_pos_over_neg": 0.28963385601383473
      },
      "orig_license_only_pos2": {
        "n_shared": 7,
        "delta_neg_mean": -0.9994311366762433,
        "delta_pos_mean": -0.1857794199671063,
        "diff_mean": -0.8136517167091369,
        "diff_ci": [
          -0.9898988996233259,
          -0.5800241984639852
        ],
        "t_stat": -6.919496886371576,
        "p_two": 0.0004508808869307727,
        "effect_ratio_pos_over_neg": 0.2866919909532991
      },
      "orig_full_mirror_simple_pos": {
        "n_shared": 7,
        "delta_neg_mean": -0.7903170023645673,
        "delta_pos_mean": -0.36380219970430644,
        "diff_mean": -0.42651480266026087,
        "diff_ci": [
          -0.5274229151862008,
          -0.33285435267857144
        ],
        "t_stat": -7.728387971247129,
        "p_two": 0.00024632640706474335,
        "effect_ratio_pos_over_neg": 0.5747279607464749
      },
      "orig_full_mirror_pos2": {
        "n_shared": 7,
        "delta_neg_mean": -0.7903170023645673,
        "delta_pos_mean": -0.7233867491994586,
        "diff_mean": -0.06693025316510878,
        "diff_ci": [
          -0.18137355702263977,
          0.029168551308768213
        ],
        "t_stat": -1.1467222508040529,
        "p_two": 0.29515967211191596,
        "effect_ratio_pos_over_neg": 0.9177546607939836
      },
      "psw_license_only_simple_pos": {
        "n_shared": 15,
        "delta_neg_mean": -0.9236906051635744,
        "delta_pos_mean": 0.250395482381185,
        "diff_mean": -1.1740860875447592,
        "diff_ci": [
          -1.2940227568944296,
          -1.0505753043492638
        ],
        "t_stat": -18.281119706909585,
        "p_two": 3.6225008785544684e-11,
        "effect_ratio_pos_over_neg": 0.3759109556271073
      },
      "psw_license_only_pos2": {
        "n_shared": 15,
        "delta_neg_mean": -0.9236906051635744,
        "delta_pos_mean": -0.04226081848144521,
        "diff_mean": -0.8814297866821289,
        "diff_ci": [
          -0.9926332759857179,
          -0.7576577695210777
        ],
        "t_stat": -14.02615270514643,
        "p_two": 1.232851318398896e-09,
        "effect_ratio_pos_over_neg": 0.2992176769398576
      },
      "psw_full_mirror_simple_pos": {
        "n_shared": 15,
        "delta_neg_mean": -0.7183656183878581,
        "delta_pos_mean": -0.31267120361328116,
        "diff_mean": -0.40569441477457674,
        "diff_ci": [
          -0.4644233792622884,
          -0.347548918088277
        ],
        "t_stat": -13.50728770434124,
        "p_two": 2.0197672037267864e-09,
        "effect_ratio_pos_over_neg": 0.5054534532176551
      },
      "psw_full_mirror_pos2": {
        "n_shared": 15,
        "delta_neg_mean": -0.7183656183878581,
        "delta_pos_mean": -0.6952404785156251,
        "diff_mean": -0.023125139872233042,
        "diff_ci": [
          -0.08545185661315916,
          0.033000666300455624
        ],
        "t_stat": -0.7370631064684285,
        "p_two": 0.4732562434581795,
        "effect_ratio_pos_over_neg": 0.9678086766956777
      }
    },
    "summary_lines": [
      "  [orig_license_only_simple_pos] \u0394_neg=-0.999  \u0394_pos=+0.132  ratio=0.290  -> STRONG ASYMMETRY (|\u0394_pos|/|\u0394_neg| = 0.29, < 0.5)",
      "  [orig_license_only_pos2] \u0394_neg=-0.999  \u0394_pos=-0.186  ratio=0.287  -> STRONG ASYMMETRY (|\u0394_pos|/|\u0394_neg| = 0.29, < 0.5)",
      "  [orig_full_mirror_simple_pos] \u0394_neg=-0.790  \u0394_pos=-0.364  ratio=0.575  -> GRADED ASYMMETRY (|\u0394_pos|/|\u0394_neg| = 0.57, in [0.5, 0.8])",
      "  [orig_full_mirror_pos2] \u0394_neg=-0.790  \u0394_pos=-0.723  ratio=0.918  -> NEAR-SYMMETRY (|\u0394_pos|/|\u0394_neg| = 0.92, in [0.8, 1.2])",
      "  [psw_license_only_simple_pos] \u0394_neg=-0.924  \u0394_pos=+0.250  ratio=0.376  -> STRONG ASYMMETRY (|\u0394_pos|/|\u0394_neg| = 0.38, < 0.5)",
      "  [psw_license_only_pos2] \u0394_neg=-0.924  \u0394_pos=-0.042  ratio=0.299  -> STRONG ASYMMETRY (|\u0394_pos|/|\u0394_neg| = 0.30, < 0.5)",
      "  [psw_full_mirror_simple_pos] \u0394_neg=-0.718  \u0394_pos=-0.313  ratio=0.505  -> GRADED ASYMMETRY (|\u0394_pos|/|\u0394_neg| = 0.51, in [0.5, 0.8])",
      "  [psw_full_mirror_pos2] \u0394_neg=-0.718  \u0394_pos=-0.695  ratio=0.968  -> NEAR-SYMMETRY (|\u0394_pos|/|\u0394_neg| = 0.97, in [0.8, 1.2])"
    ]
  }
}