{
  "E5_factorial": {
    "template_variance": {
      "mean_within_celltarget_sd": 0.5412135163721958,
      "cell_mean_sd": 0.41419925372797267,
      "ratio": 1.3066501484515962
    },
    "cell_means": {
      "E5_000": {
        "H": 0,
        "A": 0,
        "L": 0,
        "mean_all7": 4.831966044221606,
        "mean_fictional4": 5.0410281181335455
      },
      "E5_001": {
        "H": 0,
        "A": 0,
        "L": 1,
        "mean_all7": 3.832534907545362,
        "mean_fictional4": 3.8084205627441405
      },
      "E5_010": {
        "H": 0,
        "A": 1,
        "L": 0,
        "mean_all7": 4.268817186355592,
        "mean_fictional4": 4.3623298645019535
      },
      "E5_011": {
        "H": 0,
        "A": 1,
        "L": 1,
        "mean_all7": 3.658016286577497,
        "mean_fictional4": 3.6816970825195314
      },
      "E5_100": {
        "H": 1,
        "A": 0,
        "L": 0,
        "mean_all7": 4.754774730546134,
        "mean_fictional4": 4.868767547607423
      },
      "E5_101": {
        "H": 1,
        "A": 0,
        "L": 1,
        "mean_all7": 4.139399991716657,
        "mean_fictional4": 4.151537704467773
      },
      "E5_110": {
        "H": 1,
        "A": 1,
        "L": 0,
        "mean_all7": 4.414767517362322,
        "mean_fictional4": 4.540598583221436
      },
      "E5_111": {
        "H": 1,
        "A": 1,
        "L": 1,
        "mean_all7": 4.041649041857039,
        "mean_fictional4": 4.05899829864502
      }
    },
    "primary_fictional4": {
      "H": {
        "coef": -0.17226057052612503,
        "se": 0.07303106290842815,
        "ci": [
          -0.3241369800456703,
          -0.02038416100657975
        ],
        "p": 0.02810472553805287
      },
      "A": {
        "coef": -0.6786982536315926,
        "se": 0.07303106290842817,
        "ci": [
          -0.8305746631511379,
          -0.5268218441120474
        ],
        "p": 6.88142977219254e-09
      },
      "L": {
        "coef": -1.2326075553894045,
        "se": 0.07303106290842817,
        "ci": [
          -1.3844839649089498,
          -1.0807311458698592
        ],
        "p": 1.0839551728171607e-13
      },
      "H:A": {
        "coef": 0.35052928924560744,
        "se": 0.10328151963962176,
        "ci": [
          0.1357436110985363,
          0.5653149673926786
        ],
        "p": 0.00273683240232702
      },
      "H:L": {
        "coef": 0.5153777122497538,
        "se": 0.10328151963962176,
        "ci": [
          0.30059203410268265,
          0.730163390396825
        ],
        "p": 6.136587826106621e-05
      },
      "A:L": {
        "coef": 0.5519747734069811,
        "se": 0.10328151963962183,
        "ci": [
          0.3371890952599098,
          0.7667604515540524
        ],
        "p": 2.670303282505671e-05
      },
      "H:A:L": {
        "coef": -0.31634521484375,
        "se": 0.14606212581685626,
        "ci": [
          -0.6200980338828406,
          -0.012592395804659484
        ],
        "p": 0.04198182215531345
      },
      "_rsquared": 0.9765333659351141,
      "_n": 32
    },
    "secondary_all7": {
      "H": {
        "coef": -0.07719131367547502,
        "se": 0.11099062651783533,
        "ci": [
          -0.3011794662354741,
          0.14679683888452408
        ],
        "p": 0.49058747205162795
      },
      "A": {
        "coef": -0.5631488578660164,
        "se": 0.11099062651783528,
        "ci": [
          -0.7871370104260155,
          -0.3391607053060174
        ],
        "p": 8.373621113231393e-06
      },
      "L": {
        "coef": -0.9994311366762456,
        "se": 0.11099062651783524,
        "ci": [
          -1.2234192892362445,
          -0.7754429841162467
        ],
        "p": 2.3303249214342735e-11
      },
      "H:A": {
        "coef": 0.22314164468220293,
        "se": 0.1569644493178095,
        "ci": [
          -0.09362543847904148,
          0.5399087278434473
        ],
        "p": 0.16252407708543062
      },
      "H:L": {
        "coef": 0.3840563978467686,
        "se": 0.1569644493178096,
        "ci": [
          0.06728931468552402,
          0.7008234810080132
        ],
        "p": 0.01868037642058303
      },
      "A:L": {
        "coef": 0.38863023689815207,
        "se": 0.1569644493178095,
        "ci": [
          0.07186315373690766,
          0.7053973200593965
        ],
        "p": 0.017404654886341464
      },
      "H:A:L": {
        "coef": -0.1463739735739613,
        "se": 0.22198125303567057,
        "ci": [
          -0.5943502786939594,
          0.3016023315460367
        ],
        "p": 0.5132398332378569
      },
      "_rsquared": 0.9779242340403743,
      "_n": 56
    },
    "sensitivity_cluster_bootstrap_ci": {
      "H": [
        -0.3073396682739288,
        -0.07276525497436924
      ],
      "A": [
        -0.7285680770874057,
        -0.627177810668949
      ],
      "L": [
        -1.4043003082275414,
        -1.113406562805177
      ],
      "H:A": [
        0.29112319946289256,
        0.4112833023071327
      ],
      "H:L": [
        0.4062251091003456,
        0.6230081558227553
      ],
      "A:L": [
        0.4549903869628926,
        0.6971542358398451
      ],
      "H:A:L": [
        -0.36625404357910407,
        -0.2716320037841834
      ]
    },
    "calibration_check": {
      "clean_drinking_water": {
        "expected_valence": "positive",
        "E5_000": 6.5526999711990355,
        "E5_111": 6.128681755065918
      },
      "tooth_decay": {
        "expected_valence": "negative",
        "E5_000": 1.9689612984657288,
        "E5_111": 2.0137797355651856
      },
      "standard_brick": {
        "expected_valence": "neutral",
        "E5_000": 5.137988567352295,
        "E5_111": 3.9130886077880858
      }
    },
    "calibration_ordering_preserved": true
  },
  "E6_pseudoword_replication": {
    "n_targets": 15,
    "mean_delta_forced": -0.719468625386556,
    "sd_delta_forced": 0.36286525972911,
    "ci_delta_forced": [
      -0.903103783478704,
      -0.535833467294408
    ],
    "t_test": {
      "t": -7.679131384252861,
      "df": 14,
      "p": 2.198171840623688e-06
    },
    "sign_test": {
      "n_negative": 15,
      "n": 15,
      "p": 6.103515625e-05
    },
    "mean_delta_control": -0.47354578971862804,
    "mean_forced_minus_control": -0.245922835667928,
    "per_target": {
      "brindeck": {
        "default": 4.948979187011719,
        "forced": 4.3549041748046875,
        "control": 4.535594177246094
      },
      "brisanthi": {
        "default": 4.683935546875,
        "forced": 4.029385375976562,
        "control": 4.304431533813476
      },
      "domorath": {
        "default": 5.303861999511719,
        "forced": 3.95257568359375,
        "control": 4.726276969909668
      },
      "drispalva": {
        "default": 4.351515197753907,
        "forced": 3.8065261840820312,
        "control": 4.0888927459716795
      },
      "menavral": {
        "default": 4.16063232421875,
        "forced": 3.3988670349121093,
        "control": 3.6478317260742186
      },
      "mendarov": {
        "default": 4.347817993164062,
        "forced": 3.526373291015625,
        "control": 4.187294006347656
      },
      "nellatron": {
        "default": 4.949594116210937,
        "forced": 4.05611572265625,
        "control": 4.449349975585937
      },
      "orenthik": {
        "default": 4.101431274414063,
        "forced": 2.918534851074219,
        "control": 3.082180404663086
      },
      "plaivin": {
        "default": 4.511737060546875,
        "forced": 4.192816162109375,
        "control": 4.47884521484375
      },
      "qatresca": {
        "default": 4.858040618896484,
        "forced": 3.9865402221679687,
        "control": 4.005461502075195
      },
      "raviska": {
        "default": 4.096466064453125,
        "forced": 3.1697311401367188,
        "control": 3.080422210693359
      },
      "shafrith": {
        "default": 5.014451599121093,